asset,horizon,mapping,thr_abs,fee_bps,sharpe,sortino,mdd,calmar,mean_ret,std_ret,turnover
BTC,1,long_only,0.0002111196517944336,0,0.3764906763229689,0.34515426244747416,0.20721089000349846,0.4530039405996866,0.00025717082111563293,0.013050101761611872,0.17077798861480076
BTC,1,long_only,0.0002111196517944336,5,0.25135795972203645,0.2321005764502862,0.22491630588439393,0.2787719927116081,0.00017178182680823245,0.013056627275393017,0.17077798861480076
BTC,1,long_only,0.0002111196517944336,10,0.12632403617964352,0.11795144208477343,0.24223490174952556,0.1301768805193873,8.639283250083202e-05,0.013065864559042769,0.17077798861480076
BTC,1,long_only,0.0002111196517944336,25,-0.24741302061012552,-0.2370714175102964,0.2919515410783715,-0.21225291250287634,-0.00016977415042136916,0.013109781293179424,0.17077798861480076
BTC,1,long_only,0.02240884304046631,0,0.47654168951830006,0.3826805533606931,0.18935099547291812,0.5775351376860922,0.00029960781710144637,0.012011539460305925,0.13282732447817835
BTC,1,long_only,0.02240884304046631,5,0.37062370191183514,0.2996145300663994,0.19832651179419825,0.4291703905560301,0.0002331941548623571,0.012020731674075972,0.13282732447817835
BTC,1,long_only,0.02240884304046631,10,0.26481494785246695,0.216137817418212,0.21230066673517478,0.2867389949516351,0.00016678049262326791,0.012032314879426352,0.13282732447817835
BTC,1,long_only,0.02240884304046631,25,-0.051331818103044914,-0.042916085490617,0.25281818534615375,-0.046864035227690955,-3.246049409399976e-05,0.012081334575019698,0.13282732447817835
BTC,1,long_only,0.036165595054626465,0,0.9789328784410695,0.8798257068159622,0.1293208546980772,1.5541194279535175,0.0005506302814449036,0.010746167573684347,0.12903225806451613
BTC,1,long_only,0.036165595054626465,5,0.8634240016028089,0.7847895592399791,0.13358324692162682,1.3282478882504358,0.0004861141524126455,0.0107562423832388,0.12903225806451613
BTC,1,long_only,0.036165595054626465,10,0.7479503446426069,0.6875195812630414,0.13792900135716968,1.115670214520311,0.00042159802338038744,0.010768922006745459,0.12903225806451613
BTC,1,long_only,0.036165595054626465,25,0.4025767328030698,0.3804462260203795,0.1685860141666724,0.4937427203227654,0.00022804963628361328,0.010822488803373968,0.12903225806451613
BTC,1,long_only,0.0473480224609375,0,1.1446655882783336,0.9870642081300132,0.11354036725525807,1.9129755747594979,0.0005950683542751911,0.009931953105536876,0.11764705882352941
BTC,1,long_only,0.0473480224609375,5,1.0310102220490613,0.8979879801382314,0.11800100416819348,1.6587092834778574,0.0005362448248634263,0.009936800599911644,0.11764705882352941
BTC,1,long_only,0.0473480224609375,10,0.9172246466618132,0.803414441684999,0.12244143030228871,1.4232010554615027,0.0004774212954516617,0.009944260737909784,0.11764705882352941
BTC,1,long_only,0.0473480224609375,25,0.575988002253868,0.5143995960651409,0.14856786937274635,0.7393725749518312,0.0003009507072163675,0.009982248180784543,0.11764705882352941
BTC,1,long_short,0.0002111196517944336,0,-1.01260625011541,-1.476199042862815,0.6393483127602642,-0.7332800833050873,-0.001284442148061772,0.02423373624166636,0.34345351043643263
BTC,1,long_short,0.0002111196517944336,5,-1.1478213133970372,-1.6695177082717065,0.6638294588071063,-0.8006599325246839,-0.0014561689032799887,0.024237281107182814,0.34345351043643263
BTC,1,long_short,0.0002111196517944336,10,-1.2826868596228718,-1.8610225694612286,0.6866709693948283,-0.8653080468432204,-0.0016278956584982053,0.024246683944688045,0.34345351043643263
BTC,1,long_short,0.0002111196517944336,25,-1.684224201123959,-2.4307485690311172,0.7464061358981238,-1.0479853724320245,-0.0021430759241528536,0.024309951141267994,0.34345351043643263
BTC,1,long_short,0.02240884304046631,0,-1.0473861081373181,-1.4506650735340687,0.628967697321573,-0.7202753466811882,-0.0012411778801103696,0.02263985546406375,0.3055028462998102
BTC,1,long_short,0.02240884304046631,5,-1.1762926959508018,-1.6332523406997324,0.648406096821201,-0.7846690495100538,-0.0013939293032602749,0.022639757975623977,0.3055028462998102
BTC,1,long_short,0.02240884304046631,10,-1.3049658847902001,-1.8164621949863538,0.6696637745343768,-0.8430177748996522,-0.0015466807264101802,0.02264372895165344,0.3055028462998102
BTC,1,long_short,0.02240884304046631,25,-1.6888974842697286,-2.366664079184539,0.7261097847162592,-1.0078383309127543,-0.0020049349958598953,0.022680020349180076,0.3055028462998102
BTC,1,long_short,0.036165595054626465,0,-0.9386202088654253,-1.2734620101941823,0.608156159914442,-0.6405195398457014,-0.0010672216539818296,0.021722567740493578,0.2903225806451613
BTC,1,long_short,0.036165595054626465,5,-1.0660390164769311,-1.4531415323910264,0.629976820578489,-0.7024381853669703,-0.0012123829443044102,0.021727669690449994,0.2903225806451613
BTC,1,long_short,0.036165595054626465,10,-1.1932100702206594,-1.6335574276373923,0.6505955960254092,-0.7616154315602501,-0.001357544234626991,0.02173619451586961,0.2903225806451613
BTC,1,long_short,0.036165595054626465,25,-1.5726447586059473,-2.1761585667208694,0.7058778805876303,-0.9271508238738526,-0.001793028105594733,0.02178225798900804,0.2903225806451613
BTC,1,long_short,0.0473480224609375,0,-0.9351918063531249,-1.2294947250815813,0.5973382334866957,-0.6242249408968348,-0.0010215710232719904,0.02086960863213214,0.27514231499051234
BTC,1,long_short,0.0473480224609375,5,-1.0609470513763766,-1.4012979344114318,0.6193666157641616,-0.6830960617038847,-0.0011591421807672468,0.020873219110462617,0.27514231499051234
BTC,1,long_short,0.0473480224609375,10,-1.186481455061922,-1.574460415550957,0.6402022693890994,-0.7392981735549172,-0.001296713338262503,0.020879950070603972,0.27514231499051234
BTC,1,long_short,0.0473480224609375,25,-1.5612037256521796,-2.0959281141243604,0.6961752037452926,-0.8962410361149578,-0.0017094268107482715,0.020918828737733087,0.27514231499051234
DOGE,1,long_only,0.00020763278007507324,0,0.6179434274757665,0.5246032612266914,0.30088866246821955,0.8893213112349239,0.0007331142461447911,0.022665712398733665,0.1859582542694497
DOGE,1,long_only,0.00020763278007507324,5,0.5401473457355346,0.4595509833348003,0.3259613326097798,0.7168007216293582,0.0006401351190100661,0.02264153359779321,0.1859582542694497
DOGE,1,long_only,0.00020763278007507324,10,0.46215120425329387,0.3940544368531847,0.350146695016919,0.5703664774681914,0.0005471559918753412,0.022619005317743034,0.1859582542694497
DOGE,1,long_only,0.00020763278007507324,25,0.22712756704424958,0.19624174595283642,0.4176834389654782,0.23438753775878785,0.0002682186104711665,0.0225613712347798,0.1859582542694497
DOGE,1,long_only,0.013768523931503296,0,-0.38081848432890963,-0.2184588060834085,0.33149868066683685,-0.3537567332197869,-0.0003212873707937624,0.016118405099926555,0.1555977229601518
DOGE,1,long_only,0.013768523931503296,5,-0.47341235485959726,-0.2722487362136847,0.3358996362665161,-0.43366071008168583,-0.0003990862322738384,0.016105476933969923,0.1555977229601518
DOGE,1,long_only,0.013768523931503296,10,-0.566083431996274,-0.326377837861087,0.34447255884994266,-0.5053031213888299,-0.0004768850937539143,0.01609458325040989,0.1555977229601518
DOGE,1,long_only,0.013768523931503296,25,-0.8442073317382185,-0.4947161102855966,0.40906072638272695,-0.6337758572737315,-0.0007102816781941421,0.016074146595580662,0.1555977229601518
DOGE,1,long_only,0.021889328956604004,0,-0.2943157504522986,-0.15876125622936205,0.33149868066683685,-0.25375786949319706,-0.00023046684642760533,0.014960337364072495,0.1442125237191651
DOGE,1,long_only,0.021889328956604004,5,-0.38637355491558983,-0.20892034175207422,0.3358996362665161,-0.32878625815738605,-0.00030257310828718796,0.014961301163691888,0.1442125237191651
DOGE,1,long_only,0.021889328956604004,10,-0.47835345374007826,-0.2593045464455429,0.3402738359612485,-0.40190562908499317,-0.00037467937014677054,0.01496433078775228,0.1442125237191651
DOGE,1,long_only,0.021889328956604004,25,-0.7534469673870876,-0.41568248646890654,0.3532373875799033,-0.6106780720950958,-0.0005909981557255182,0.014985797805708106,0.1442125237191651
DOGE,1,long_only,0.03440740704536438,0,-0.7484842419178848,-0.33548403226147977,0.29727626112712224,-0.6343083575940697,-0.0005166159368435205,0.013186561668817457,0.12144212523719165
DOGE,1,long_only,0.03440740704536438,5,-0.8363694659746013,-0.3758697315647269,0.31584386596740366,-0.6671904301752477,-0.0005773369994621164,0.013187960985287036,0.12144212523719165
DOGE,1,long_only,0.03440740704536438,10,-0.9240941006796728,-0.4164509118232381,0.33711236994267646,-0.6908414327791372,-0.0006380580620807123,0.013191386191041422,0.12144212523719165
DOGE,1,long_only,0.03440740704536438,25,-1.185904800510146,-0.5456576036105104,0.39708976941937524,-0.753937218437592,-0.0008202212499364999,0.013213796730816777,0.12144212523719165
DOGE,1,long_short,0.00020763278007507324,0,-0.3744996453398599,-0.5358213417069143,0.8044953001365475,-0.4622901149963327,-0.0010189321227797152,0.051980478791497454,0.3738140417457306
DOGE,1,long_short,0.00020763278007507324,5,-0.44335584069769335,-0.6341704026668671,0.8120506591217947,-0.5419997908857521,-0.0012058391436525805,0.05196170294181649,0.3738140417457306
DOGE,1,long_short,0.00020763278007507324,10,-0.5122332463130069,-0.7322419566747088,0.819321123631183,-0.620455564233691,-0.001392746164525446,0.051945824101066615,0.3738140417457306
DOGE,1,long_short,0.00020763278007507324,25,-0.7188772437494771,-1.0261975331353232,0.8555719552144598,-0.8333788100008671,-0.0019534672271440414,0.05191559378978281,0.3738140417457306
DOGE,1,long_short,0.013768523931503296,0,-0.8279865205948698,-1.093804938548161,0.8577371153905603,-0.8987637493134892,-0.0021120630842593304,0.048733774721233865,0.3700189753320683
DOGE,1,long_short,0.013768523931503296,5,-0.9006199443573812,-1.19046096515948,0.8704031427451616,-0.9632679933892111,-0.002297072571925365,0.04872811238599109,0.3700189753320683
DOGE,1,long_short,0.013768523931503296,10,-0.9732221659609538,-1.2874528752182317,0.8821224149158099,-1.027022935174251,-0.002482082059591399,0.04872485730707959,0.3700189753320683
DOGE,1,long_short,0.013768523931503296,25,-1.1907339299766835,-1.5792885398312229,0.9120298038988928,-1.2154705208151793,-0.0030371105225895025,0.048729538648604374,0.3700189753320683
DOGE,1,long_short,0.021889328956604004,0,-0.8924320986934552,-1.1426684110976655,0.8607806454465875,-0.9394941757938788,-0.002215612063107135,0.04743129375549571,0.36622390891840606
DOGE,1,long_short,0.021889328956604004,5,-0.9660516181336783,-1.2382586142427456,0.8730880874152651,-1.0028017550928765,-0.0023987240175663382,0.04743800139407141,0.36622390891840606
DOGE,1,long_short,0.021889328956604004,10,-1.0396050546945157,-1.3345133505755744,0.8844836599850785,-1.0654466243097758,-0.002581835972025542,0.047446774871705726,0.36622390891840606
DOGE,1,long_short,0.021889328956604004,25,-1.2597736617116362,-1.6236177607797102,0.9136053522977805,-1.2509533980361245,-0.0031311718354031506,0.047485477540246006,0.36622390891840606
DOGE,1,long_short,0.03440740704536438,0,-0.8836188232705936,-1.0948241415029,0.8449616395381013,-0.9114377865720119,-0.002109945113643224,0.045619721687032724,0.3776091081593928
DOGE,1,long_short,0.03440740704536438,5,-0.9625799322335891,-1.1946607496598776,0.8596509282943984,-0.9760282936966119,-0.002298749667722921,0.045624835159367876,0.3776091081593928
DOGE,1,long_short,0.03440740704536438,10,-1.0414834512111197,-1.2955586928552063,0.8729562748831006,-1.0400948101077592,-0.0024875542218026174,0.04563169642441535,0.3776091081593928
DOGE,1,long_short,0.03440740704536438,25,-1.2777584389352663,-1.600443508365864,0.9058059092801948,-1.2306149322428195,-0.003053967884041707,0.04566275809367611,0.3776091081593928
ETH,1,long_only,0.00015735626220703125,0,-0.040069984286660074,-0.03928192973859235,0.35889611160892776,-0.03758276552721339,-3.69542696199028e-05,0.017619431160297135,0.2125237191650854
ETH,1,long_only,0.00015735626220703125,5,-0.1551883877739293,-0.15311254369774074,0.3775683584863143,-0.13844880267065324,-0.00014321612920244558,0.017631089192093826,0.2125237191650854
ETH,1,long_only,0.00015735626220703125,10,-0.2701183976248568,-0.2690567979142744,0.39570573001563214,-0.23011914915332002,-0.00024947798878498836,0.017645115345773,0.2125237191650854
ETH,1,long_only,0.00015735626220703125,25,-0.6133241493424663,-0.6237004507340131,0.4470571679138289,-0.4639590124834348,-0.0005682635675326167,0.017701341492596594,0.2125237191650854
ETH,1,long_only,0.019527018070220947,0,-0.3733937998466307,-0.2885574447992698,0.4033013901128796,-0.2379364750951751,-0.0002629044141498099,0.01345170107669354,0.20113851992409867
ETH,1,long_only,0.019527018070220947,5,-0.515592452195479,-0.4013652939283962,0.4194119340950647,-0.31631882706618825,-0.0003634736741118593,0.013468301879662156,0.20113851992409867
ETH,1,long_only,0.019527018070220947,10,-0.6572965267656729,-0.5166306789706764,0.43813858759677415,-0.38658012722784696,-0.00046404293407390873,0.0134878665041561,0.20113851992409867
ETH,1,long_only,0.019527018070220947,25,-1.0785480221592265,-0.8720037499894904,0.4928320268975477,-0.5671283426005048,-0.0007657507139600568,0.01356420534546727,0.20113851992409867
ETH,1,long_only,0.029822707176208496,0,-0.44402634671042096,-0.3135162038718313,0.3884517725931731,-0.26021004838189815,-0.000276928916550038,0.011915327909472183,0.18216318785578747
ETH,1,long_only,0.029822707176208496,5,-0.5897094906948552,-0.41937633474643204,0.4072186335083784,-0.32985680239347787,-0.0003680105104779318,0.011922533113307272,0.18216318785578747
ETH,1,long_only,0.029822707176208496,10,-0.7350242291971558,-0.5280488570230463,0.4259364923581287,-0.3934122131212948,-0.0004590921044058255,0.011932861516909315,0.18216318785578747
ETH,1,long_only,0.029822707176208496,25,-1.167643212313344,-0.8622116331403119,0.4786682787147659,-0.5584304942377328,-0.0007323368861895069,0.011982492953897673,0.18216318785578747
ETH,1,long_only,0.04083538055419922,0,0.314969070775413,0.21797671955332745,0.3065665570269108,0.20764376303157817,0.00017440173567372685,0.01057862752403746,0.16698292220113853
ETH,1,long_only,0.04083538055419922,5,0.1640018479946398,0.11416815248074703,0.32315922060811053,0.1026808090348112,9.091027457315754e-05,0.010590358450736847,0.16698292220113853
ETH,1,long_only,0.04083538055419922,10,0.013364582047097328,0.009360272049396571,0.339958390305638,0.007965289266878402,7.418813472588279e-06,0.010605362133128219,0.16698292220113853
ETH,1,long_only,0.04083538055419922,25,-0.43520455025524935,-0.31259072181108377,0.3879417746119659,-0.22868195382190104,-0.00024305556982911946,0.010669856595823419,0.16698292220113853
ETH,1,long_short,0.00015735626220703125,0,-0.728961809827718,-0.9932776380080897,0.7893998451978499,-0.6787387625573423,-0.0014679349975156848,0.03847232923684828,0.4307400379506641
ETH,1,long_short,0.00015735626220703125,5,-0.8357658655746233,-1.1406169339881416,0.7906596054995021,-0.7770807143110473,-0.0016833050164910166,0.038479074712733645,0.4307400379506641
ETH,1,long_short,0.00015735626220703125,10,-0.9424256980725001,-1.2884321034281108,0.8027392605726471,-0.8633144309523115,-0.001898675035466349,0.03849018091612537,0.4307400379506641
ETH,1,long_short,0.00015735626220703125,25,-1.2611811072224997,-1.7341150995256003,0.8417377811477544,-1.1034868334596681,-0.0025447850923923454,0.03854961880212635,0.4307400379506641
ETH,1,long_short,0.019527018070220947,0,-0.6302666050021449,-0.7888328301328034,0.7893998451978501,-0.5470063243375078,-0.0011830320760406047,0.035860691170004545,0.396584440227704
ETH,1,long_short,0.019527018070220947,5,-0.7358283921020387,-0.9250511743636587,0.7906596054995022,-0.6376743728765796,-0.0013813242961544564,0.03586456285989533,0.396584440227704
ETH,1,long_short,0.019527018070220947,10,-0.841289047834125,-1.0612486155446639,0.7919130800966323,-0.7280597365140763,-0.0015796165162683088,0.035871774684602495,0.396584440227704
ETH,1,long_short,0.019527018070220947,25,-1.1567716650398963,-1.4757604414430403,0.8283446369515441,-0.9581639984808293,-0.0021744931766098648,0.03591342618577042,0.396584440227704
ETH,1,long_short,0.029822707176208496,0,-0.7468277748189094,-0.9008333258125665,0.7914993561230481,-0.6306468440857051,-0.0013675522494123247,0.034984035034578864,0.3548387096774194
ETH,1,long_short,0.029822707176208496,5,-0.8437588367286187,-1.0230046439144693,0.7927481991829001,-0.7113414273689342,-0.0015449716042510346,0.03498231931797374,0.3548387096774194
ETH,1,long_short,0.029822707176208496,10,-0.9406261052505418,-1.1455405149343758,0.793990699741993,-0.7917884935821692,-0.0017223909590897445,0.03498332959808637,0.3548387096774194
ETH,1,long_short,0.029822707176208496,25,-1.2306192302656966,-1.515659145053566,0.8155914208887309,-1.0090185754018708,-0.0022546490236058734,0.035002710873832686,0.3548387096774194
ETH,1,long_short,0.04083538055419922,0,-0.47708690062712544,-0.5562227046625969,0.7865806637567119,-0.3927991095712532,-0.0008464881762465604,0.0338976691207053,0.32827324478178366
ETH,1,long_short,0.04083538055419922,5,-0.5697984905030719,-0.6675299130304646,0.787641599895788,-0.46833236277896906,-0.0010106247986374523,0.03388559286964688,0.32827324478178366
ETH,1,long_short,0.04083538055419922,10,-0.6625279139206969,-0.7799216844705547,0.788698206976105,-0.5436653904904755,-0.0011747614210283442,0.03387598463852534,0.32827324478178366
ETH,1,long_short,0.04083538055419922,25,-0.9406200328721899,-1.1207760253388164,0.7918421925493416,-0.7684833239732745,-0.0016671712882010195,0.03386198637535899,0.32827324478178366
LTC,1,long_only,0.0001749098300933838,0,-0.5292873443276871,-0.3441152130502161,0.38055970976232323,-0.35233816422967706,-0.00036735810826791235,0.013260031396168857,0.18975332068311196
LTC,1,long_only,0.0001749098300933838,5,-0.6653844588326892,-0.4355589708252824,0.400466513134749,-0.4212978738755747,-0.0004622347686094684,0.013272000475412452,0.18975332068311196
LTC,1,long_only,0.0001749098300933838,10,-0.8010621746981714,-0.526161330265741,0.4197431109910845,-0.48445267174607326,-0.0005571114289510244,0.013286857425954259,0.18975332068311196
LTC,1,long_only,0.0001749098300933838,25,-1.2047246281084405,-0.8026909800527948,0.4766247397944723,-0.6446069391466497,-0.0008417414099756924,0.013348649708882,0.18975332068311196
LTC,1,long_only,0.019876599311828613,0,-0.9471729275006526,-0.5299054462342971,0.4179856263520172,-0.5179911159905207,-0.000593185865924921,0.011964869060363401,0.15180265654648956
LTC,1,long_only,0.019876599311828613,5,-1.0661372782806544,-0.6010688105638591,0.4350298069283285,-0.5613795238678992,-0.0006690871941981659,0.011989912702550587,0.15180265654648956
LTC,1,long_only,0.019876599311828613,10,-1.18434627975501,-0.669971707877611,0.45158307296248545,-0.6021501402114161,-0.0007449885224714107,0.012017588081518203,0.15180265654648956
LTC,1,long_only,0.019876599311828613,25,-1.5337515174993155,-0.8808808880098461,0.5009513746669059,-0.7087170194844336,-0.0009726925072911452,0.012116215726808986,0.15180265654648956
LTC,1,long_only,0.03253829479217529,0,-0.3745983287473576,-0.18648797223289262,0.2111867233994884,-0.3318214519961109,-0.0001919898224686332,0.009791715889228315,0.1252371916508539
LTC,1,long_only,0.03253829479217529,5,-0.4959842089337555,-0.2489379164694115,0.22763475672754674,-0.4082508049864853,-0.00025460841829406017,0.009807342478668489,0.1252371916508539
LTC,1,long_only,0.03253829479217529,10,-0.6168100580471522,-0.3101121666476474,0.24415492949597217,-0.4742392889308784,-0.0003172270141194872,0.00982573730001173,0.1252371916508539
LTC,1,long_only,0.03253829479217529,25,-0.9749658807040127,-0.49930929297398513,0.3009814395024011,-0.6125135918235654,-0.000505082801595768,0.009897365195454054,0.1252371916508539
LTC,1,long_only,0.044401854276657104,0,-0.4414387565434228,-0.1936360319061538,0.22975136177177768,-0.3235902899014346,-0.0002036857801679521,0.008815291607320218,0.10246679316888045
LTC,1,long_only,0.044401854276657104,5,-0.5517074110728715,-0.2465484980804588,0.2401752701034151,-0.38740666128603546,-0.0002549191767523924,0.008827548688368094,0.10246679316888045
LTC,1,long_only,0.044401854276657104,10,-0.6614765766735807,-0.29617118871902903,0.25046327015582903,-0.4461559940424547,-0.0003061525733368327,0.008842394283512606,0.10246679316888045
LTC,1,long_only,0.044401854276657104,25,-0.9868745848461287,-0.4519166483934944,0.29985172247649583,-0.559764196587208,-0.0004598527630901532,0.008902321365849845,0.10246679316888045
LTC,1,long_short,0.0001749098300933838,0,-1.1635544232536212,-1.529169051522168,0.8370151318017415,-1.0475977577844646,-0.0024023429460499177,0.03944525208441246,0.3927893738140417
LTC,1,long_short,0.0001749098300933838,5,-1.2591110254222677,-1.6546415570515651,0.8529847498982942,-1.112023674680315,-0.0025987376329569384,0.039431640071142526,0.3927893738140417
LTC,1,long_short,0.0001749098300933838,10,-1.3545988387525056,-1.779401731562634,0.8674031507785154,-1.1761812207316678,-0.0027951323198639596,0.03942195021968467,0.3927893738140417
LTC,1,long_short,0.0001749098300933838,25,-1.6403632358436988,-2.155624444164887,0.9027747504699088,-1.368309734260051,-0.0033843163805850223,0.039416436707901875,0.3927893738140417
LTC,1,long_short,0.019876599311828613,0,-1.1011192152199276,-1.4167154103197228,0.8253904121591491,-0.9641824771182098,-0.002180347869003268,0.03783013407776921,0.4117647058823529
LTC,1,long_short,0.019876599311828613,5,-1.2051282066364584,-1.5526887104073086,0.8351626707405864,-1.0428795030270415,-0.0023862302219444446,0.03782905762745891,0.4117647058823529
LTC,1,long_short,0.019876599311828613,10,-1.309042404129363,-1.6888522554664807,0.8473987655274748,-1.1165004344126104,-0.0025921125748856215,0.03783089153648372,0.4117647058823529
LTC,1,long_short,0.019876599311828613,25,-1.6199772336836031,-2.1033231157416177,0.8898243950137982,-1.316621878280103,-0.0032097596337091502,0.037853847833210046,0.4117647058823529
LTC,1,long_short,0.03253829479217529,0,-0.9470115630024192,-1.145605101915256,0.7806828209184808,-0.8323212269686724,-0.0017802161188522371,0.03591400836414792,0.3927893738140417
LTC,1,long_short,0.03253829479217529,5,-1.0514944934573431,-1.274427028797616,0.7958858570270566,-0.9064904693697756,-0.001976610805759258,0.03591373673800654,0.3927893738140417
LTC,1,long_short,0.03253829479217529,10,-1.1558982076076807,-1.4036045228620861,0.8100442338013908,-0.9791403626196037,-0.0021730054926662793,0.03591597544760452,0.3927893738140417
LTC,1,long_short,0.03253829479217529,25,-1.46841588016528,-1.8002489577134027,0.8551703845151956,-1.1789453952579974,-0.002762189553387342,0.03593774626916955,0.3927893738140417
LTC,1,long_short,0.044401854276657104,0,-0.731619495371933,-0.8530160641076906,0.7144227456473575,-0.6804394250063484,-0.00133183945824774,0.03477867564061251,0.3548387096774194
LTC,1,long_short,0.044401854276657104,5,-0.8290051080454374,-0.9693754026579509,0.7301606387157088,-0.7544633845844532,-0.0015092588130864498,0.03478187149487326,0.3548387096774194
LTC,1,long_short,0.044401854276657104,10,-0.9263136569327879,-1.0852427956643003,0.7464717963845175,-0.824729794579855,-0.0016866781679251593,0.03478728928392446,0.3548387096774194
LTC,1,long_short,0.044401854276657104,25,-1.217591564898923,-1.4387156731447135,0.8028556401657501,-1.0087887340155632,-0.002218936232441289,0.034816861760300945,0.3548387096774194
XRP,1,long_only,3.9458274841308594e-05,0,2.291042653869811,2.960071903967221,0.062083428358962744,12.86654086093179,0.002188490322685458,0.018249790694528496,0.15939278937381404
XRP,1,long_only,3.9458274841308594e-05,5,2.210644112542809,2.8654466248662946,0.0636046770167763,12.101465172197193,0.002108793927998551,0.01822475684541477,0.15939278937381404
XRP,1,long_only,3.9458274841308594e-05,10,2.1298126402805058,2.769547459846953,0.06672010337970202,11.100411452194564,0.002029097533311644,0.018201532476215598,0.15939278937381404
XRP,1,long_only,3.9458274841308594e-05,25,1.8849402231272223,2.4846240419056183,0.07655480052447439,8.534449087345962,0.0017900083492509234,0.018142783030023667,0.15939278937381404
XRP,1,long_only,0.018762171268463135,0,2.142498242218187,2.7957626004166856,0.06340430000219888,11.235889154645436,0.0019517909226406244,0.017404407846149057,0.1252371916508539
XRP,1,long_only,0.018762171268463135,5,2.077536630559996,2.7159298648810917,0.06681421204802285,10.320377628364648,0.0018891723268151975,0.01737277990332557,0.1252371916508539
XRP,1,long_only,0.018762171268463135,10,2.0121611479207426,2.63526612742083,0.07105149681226375,9.383224023604376,0.0018265537309897703,0.017342676587542877,0.1252371916508539
XRP,1,long_only,0.018762171268463135,25,1.8136959777726034,2.401672888259367,0.09989607499619857,5.98746997216054,0.0016386979435134897,0.017261592148778093,0.1252371916508539
XRP,1,long_only,0.0294816792011261,0,1.916818961864717,2.433218893703679,0.06340430000219888,9.79241257260447,0.001701044012352083,0.016954339908642875,0.11764705882352941
XRP,1,long_only,0.0294816792011261,5,1.8544555112138306,2.358533258610228,0.06681421204802296,8.971302031271676,0.0016422204829403184,0.01691848528135834,0.11764705882352941
XRP,1,long_only,0.0294816792011261,10,1.7916718154987434,2.2830172660686707,0.07412080602581939,7.797269336612503,0.0015833969535285536,0.016884094541389717,0.11764705882352941
XRP,1,long_only,0.0294816792011261,25,1.6009303609396157,2.064627251247901,0.10303431636313864,4.984049406579791,0.0014069263652932594,0.016789793686033814,0.11764705882352941
XRP,1,long_only,0.04335261881351471,0,1.508683006343208,1.6345013008686258,0.11061488472664416,4.177178125800938,0.0012659125393761849,0.016030687031606178,0.08349146110056926
XRP,1,long_only,0.04335261881351471,5,1.4612351628410036,1.5806006965474335,0.11555484371883773,3.866743018620397,0.0012241668088259002,0.016005414211940953,0.08349146110056926
XRP,1,long_only,0.04335261881351471,10,1.4135346862231764,1.5267000922262413,0.12046984715378928,3.58250386933808,0.0011824210782756157,0.01598130077756679,0.08349146110056926
XRP,1,long_only,0.04335261881351471,25,1.2690066680355496,1.364998279262665,0.13506625698073182,2.8569098399626824,0.0010571838866247618,0.015915968215141137,0.08349146110056926
XRP,1,long_short,3.9458274841308594e-05,0,-0.08019448721851823,-0.08468243322016054,0.9381182742731677,-0.08143046256415515,-0.00020929152058639028,0.04986014656452273,0.3206831119544592
XRP,1,long_short,3.9458274841308594e-05,5,-0.14168499125742984,-0.14961259193120144,0.9389354562745691,-0.14369046566937219,-0.00036963307656361907,0.04984176481473063,0.3206831119544592
XRP,1,long_short,3.9458274841308594e-05,10,-0.20320989244385776,-0.21505149969540896,0.9397426693700631,-0.2058443733398563,-0.00052997463254085,0.04982607399625121,0.3206831119544592
XRP,1,long_short,3.9458274841308594e-05,25,-0.38789132289607,-0.4128360287116549,0.9426662224237986,-0.39145854162809407,-0.0010109993004725375,0.04979517038538314,0.3206831119544592
XRP,1,long_short,0.018762171268463135,0,-0.11831798186116085,-0.12550355314903394,0.9357435364278889,-0.11856538139245093,-0.00030396380625263565,0.04908146904656167,0.31309297912713474
XRP,1,long_short,0.018762171268463135,5,-0.17930511527184811,-0.1903477320865243,0.9363914274551974,-0.17950426824126037,-0.00046051029581620266,0.04906740577172678,0.31309297912713474
XRP,1,long_short,0.018762171268463135,10,-0.24031815526895556,-0.25532251479837254,0.9371899056186511,-0.24032026520249544,-0.0006170567853797705,0.049055192348726816,0.31309297912713474
XRP,1,long_short,0.018762171268463135,25,-0.42344370942556364,-0.45307882470480576,0.9399864405494086,-0.42196793020063966,-0.0010866962540704726,0.04902966396792978,0.31309297912713474
XRP,1,long_short,0.0294816792011261,0,-0.3251103870012351,-0.337996955225818,0.938711584952358,-0.3206226285905392,-0.0008245813037154433,0.04845616848079392,0.3055028462998102
XRP,1,long_short,0.0294816792011261,5,-0.3854689133096015,-0.40162785601037265,0.9393297941160712,-0.3797669865685029,-0.000977332726865349,0.048439484701021406,0.3055028462998102
XRP,1,long_short,0.0294816792011261,10,-0.44585409971117573,-0.4649926316750365,0.9399421677345874,-0.43883626984123303,-0.001130084150015254,0.04842442266328317,0.3055028462998102
XRP,1,long_short,0.0294816792011261,25,-0.6271089421739416,-0.6583356638715677,0.9417447868641633,-0.615605768346791,-0.0015883384194649692,0.04838898133098216,0.3055028462998102
XRP,1,long_short,0.04335261881351471,0,-0.5983055070768425,-0.6084101230130695,0.9312981362662085,-0.5778168379865456,-0.00147430066937173,0.047077077522773944,0.2675521821631879
XRP,1,long_short,0.04335261881351471,5,-0.6526753321903848,-0.66536257788464,0.9330116379557724,-0.6290897065880515,-0.001608076760453324,0.0470712800916032,0.2675521821631879
XRP,1,long_short,0.04335261881351471,10,-0.7070401648346736,-0.7216674854022028,0.9346832717414622,-0.6802050598648393,-0.0017418528515349184,0.04706670661298262,0.2675521821631879
XRP,1,long_short,0.04335261881351471,25,-0.8700622222691764,-0.8913168398292358,0.939456866802052,-0.8326737907687078,-0.0021431811247796997,0.04706033298336338,0.2675521821631879
BTC,3,long_only,0.00023412704467773438,0,0.8265477492825498,0.0,0.000999749999999855,79.47684666761624,0.00021769034941209494,0.00503173384557443,0.0038095238095238095
BTC,3,long_only,0.00023412704467773438,5,0.819255869174616,0.0,0.001998999999999973,39.40056998538122,0.00021578558750733303,0.005032100489087389,0.0038095238095238095
BTC,3,long_only,0.00023412704467773438,10,0.8119345817002691,0.0,0.00299774999999991,26.041698380084764,0.00021388082560257112,0.005032655988512502,0.0038095238095238095
BTC,3,long_only,0.00023412704467773438,25,0.789802757786393,0.0,0.005990999999999969,12.682488240117188,0.0002081665398882854,0.005035454890990506,0.0038095238095238095
BTC,3,long_only,0.0558929443359375,0,0.0,0.0,0.0,0.0,0.0,0.0,0.0
BTC,3,long_only,0.0558929443359375,5,0.0,0.0,0.0,0.0,0.0,0.0,0.0
BTC,3,long_only,0.0558929443359375,10,0.0,0.0,0.0,0.0,0.0,0.0,0.0
BTC,3,long_only,0.0558929443359375,25,0.0,0.0,0.0,0.0,0.0,0.0,0.0
BTC,3,long_only,0.07681455612182617,0,0.0,0.0,0.0,0.0,0.0,0.0,0.0
BTC,3,long_only,0.07681455612182617,5,0.0,0.0,0.0,0.0,0.0,0.0,0.0
BTC,3,long_only,0.07681455612182617,10,0.0,0.0,0.0,0.0,0.0,0.0,0.0
BTC,3,long_only,0.07681455612182617,25,0.0,0.0,0.0,0.0,0.0,0.0,0.0
BTC,3,long_only,0.10366718769073484,0,0.0,0.0,0.0,0.0,0.0,0.0,0.0
BTC,3,long_only,0.10366718769073484,5,0.0,0.0,0.0,0.0,0.0,0.0,0.0
BTC,3,long_only,0.10366718769073484,10,0.0,0.0,0.0,0.0,0.0,0.0,0.0
BTC,3,long_only,0.10366718769073484,25,0.0,0.0,0.0,0.0,0.0,0.0,0.0
BTC,3,long_short,0.00023412704467773438,0,-1.7827113534829728,-2.4782707934537176,0.9540569932321895,-1.4491614936116906,-0.0037878976912451715,0.04059416777482261,0.009523809523809525
BTC,3,long_short,0.00023412704467773438,5,-1.7850314236316545,-2.4817634236133364,0.9540569932321895,-1.450983287540589,-0.003792659596007076,0.04059237214585557,0.009523809523809525
BTC,3,long_short,0.00023412704467773438,10,-1.7873470690893754,-2.4852444624043297,0.9540569932321895,-1.4528050814694875,-0.003797421500768981,0.040590681663074515,0.009523809523809525
BTC,3,long_short,0.00023412704467773438,25,-1.7942672665307837,-2.4956173942546496,0.9540569932321896,-1.4582704632561825,-0.003811707215054696,0.04058624121914646,0.009523809523809525
BTC,3,long_short,0.0558929443359375,0,-1.9154443019697762,-2.6325787543892663,0.9546923392009037,-1.5419929552617868,-0.0040332297575115935,0.040228132054203246,0.017142857142857144
BTC,3,long_short,0.0558929443359375,5,-1.9192336634151819,-2.6374350574533048,0.9548359820329342,-1.545037535952299,-0.0040418011860830225,0.040234029189351365,0.017142857142857144
BTC,3,long_short,0.0558929443359375,10,-1.9230169435179632,-2.642270268614376,0.9549792453807797,-1.5480818159119767,-0.0040503726146544515,0.040240030338157144,0.017142857142857144
BTC,3,long_short,0.0558929443359375,25,-1.9343300527416263,-2.656648689171635,0.9554067665327763,-1.557212875969297,-0.004076086900368736,0.040258657397346166,0.017142857142857144
BTC,3,long_short,0.07681455612182617,0,-1.9278291932143659,-2.648792844673478,0.9553049756757098,-1.5508936866558316,-0.004059113577007978,0.040226206902661495,0.02095238095238095
BTC,3,long_short,0.07681455612182617,5,-1.9323164797320718,-2.654199496244567,0.9554958419393762,-1.5545857971660457,-0.004069589767484169,0.04023637129463755,0.02095238095238095
BTC,3,long_short,0.07681455612182617,10,-1.9367954795087543,-2.6595772640137194,0.9556859948843943,-1.5582775960153301,-0.004080065957960359,0.04024666078580075,0.02095238095238095
BTC,3,long_short,0.07681455612182617,25,-1.9501824520386797,-2.6755367304398323,0.9562521966312404,-1.5693511696100229,-0.004111494529388931,0.040278278889849674,0.02095238095238095
BTC,3,long_short,0.10366718769073484,0,-1.798541372374386,-2.470342161196695,0.948686086071154,-1.4469353843056116,-0.0037607875795512297,0.039948897992725815,0.03619047619047619
BTC,3,long_short,0.10366718769073484,5,-1.8067705291877922,-2.481118227337747,0.948848763076338,-1.453648128251329,-0.0037788828176464682,0.03995828672915323,0.03619047619047619
BTC,3,long_short,0.10366718769073484,10,-1.81498599319406,-2.4918502332838703,0.9490110101503818,-1.4603592324230787,-0.003796978055741706,0.03996789185672896,0.03619047619047619
BTC,3,long_short,0.10366718769073484,25,-1.8395490683606586,-2.5237785628365286,0.9494951808718067,-1.4804827916744487,-0.0038512637700274205,0.03999800400985948,0.03619047619047619
DOGE,3,long_only,5.453824996948242e-06,0,1.7184024070617772,2.192855324248219,0.48693304770395873,3.292462846374038,0.00439235333764453,0.04883360983564839,0.17904761904761904
DOGE,3,long_only,5.453824996948242e-06,5,1.6847646108156502,2.155338004016521,0.49359348948769166,3.1818344674500505,0.004302829528120721,0.048793429171030536,0.17904761904761904
DOGE,3,long_only,5.453824996948242e-06,10,1.6510469156253007,2.1175103911412956,0.5001707544838416,3.074663149531426,0.004213305718596912,0.04875397056649043,0.17904761904761904
DOGE,3,long_only,5.453824996948242e-06,25,1.5494269889773071,2.002160983005072,0.5194134079617231,2.7720270477935633,0.003944734290025482,0.04863994452544697,0.17904761904761904
DOGE,3,long_only,0.024941831827163696,0,1.3309217563115776,1.2270917792023606,0.45821538126618655,2.04018767539792,0.002561220201476912,0.036765529611289385,0.13333333333333333
DOGE,3,long_only,0.024941831827163696,5,1.2972755804278002,1.1990394722437185,0.4657583890948064,1.954902072667654,0.002494553534810245,0.036737281640649676,0.13333333333333333
DOGE,3,long_only,0.024941831827163696,10,1.2635512311368915,1.170777842555196,0.47320007949562015,1.8727357523166595,0.002427886868143578,0.036709800396228634,0.13333333333333333
DOGE,3,long_only,0.024941831827163696,25,1.161928068889547,1.0847333737200848,0.4949302761225707,1.6430166956878132,0.002227886868143578,0.03663197403546278,0.13333333333333333
DOGE,3,long_only,0.040207225084304805,0,1.1538626029596468,1.0345181244716086,0.4267979450599182,1.7402745374432194,0.002034919442253715,0.0336929901842209,0.09523809523809523
DOGE,3,long_only,0.040207225084304805,5,1.1270896773229766,1.0136601940439072,0.4274098675497231,1.6971172149074696,0.0019873003946346674,0.033686157802727094,0.09523809523809523
DOGE,3,long_only,0.040207225084304805,10,1.1002849986558838,0.9926405234487303,0.42802146453593426,1.6540845502378045,0.00193968134701562,0.03367996486916023,0.09523809523809523
DOGE,3,long_only,0.040207225084304805,25,1.0196954600579293,0.928607538320511,0.42985430247300516,1.525728207774552,0.0017968242041584768,0.03366522610274936,0.09523809523809523
DOGE,3,long_only,0.05584474354982376,0,0.6922649381266744,0.44229872027370426,0.4063935758249533,0.8248042708781159,0.0009183428958867828,0.025344222166927378,0.07238095238095238
DOGE,3,long_only,0.05584474354982376,5,0.664686011840659,0.42577959999463094,0.40706528052428426,0.7909926210696623,0.0008821524196963066,0.025355578443452268,0.07238095238095238
DOGE,3,long_only,0.05584474354982376,10,0.6371152554001351,0.4091797092763077,0.4077366100954758,0.757293070412705,0.0008459619435058303,0.02536759259763039,0.07238095238095238
DOGE,3,long_only,0.05584474354982376,25,0.5544735088095188,0.3589016971156736,0.4097483480402133,0.6568605809827089,0.0007373905149344016,0.02540757273810395,0.07238095238095238
DOGE,3,long_short,5.453824996948242e-06,0,0.3183851183797301,0.4041852461780727,0.9924981878803935,0.6220679279789996,0.0016915103870090143,0.10150053725000592,0.36
DOGE,3,long_short,5.453824996948242e-06,5,0.2845913042076507,0.36127376500538017,0.9929286744025418,0.5556303342631336,0.0015115103870090138,0.10146959857738726,0.36
DOGE,3,long_short,5.453824996948242e-06,10,0.2507733068365014,0.318172921198764,0.9933348691171878,0.48926228844632,0.0013315103870090146,0.10144010359829432,0.36
DOGE,3,long_short,5.453824996948242e-06,25,0.14918844693557007,0.18907395387918852,0.994428935008066,0.29051979592252725,0.0007915103870090135,0.10136029311680307,0.36
DOGE,3,long_short,0.024941831827163696,0,0.15615060311625767,0.178619423613509,0.9955241401033246,0.2794038561962749,0.0007620637909085724,0.09323824559039873,0.3142857142857143
DOGE,3,long_short,0.024941831827163696,5,0.12396751323535406,0.14194644993209363,0.9957441704760719,0.22173982772974732,0.0006049209337657153,0.09322602277459806,0.3142857142857143
DOGE,3,long_short,0.024941831827163696,10,0.09177501150388602,0.10510472212031574,0.9959592906947149,0.16410208679631336,0.0004477780766228572,0.0932147869202288,0.3142857142857143
DOGE,3,long_short,0.024941831827163696,25,-0.004848766961214349,-0.005560490003725767,0.9965485828725398,-0.008662327910992433,-2.3650494805713474e-05,0.0931870045389456,0.3142857142857143
DOGE,3,long_short,0.040207225084304805,0,0.1516492870964871,0.17267438426656037,0.9891339159446665,0.2583391934303084,0.0007000878302464822,0.08819796962198245,0.26857142857142857
DOGE,3,long_short,0.040207225084304805,5,0.12255591686143673,0.13965626910175977,0.9896039673268523,0.20868729223400723,0.0005658021159607683,0.0882016513297272,0.26857142857142857
DOGE,3,long_short,0.040207225084304805,10,0.0934642239449961,0.10658795101417888,0.9900540429923053,0.15908574660753133,0.00043151640167505444,0.08820604216577418,0.26857142857142857
DOGE,3,long_short,0.040207225084304805,25,0.006206221331651159,0.007100796298948778,0.9912925868774153,0.010552514572390592,2.8659258817910257e-05,0.08822346829944226,0.26857142857142857
DOGE,3,long_short,0.05584474354982376,0,0.5771146435141035,0.7367324937429245,0.9582483718513428,0.8523457295463375,0.002237695637241302,0.07407733559036725,0.23809523809523808
DOGE,3,long_short,0.05584474354982376,5,0.5463260972138178,0.698580687596333,0.9583725345102374,0.8068955430103957,0.0021186480181936826,0.07408892556985194,0.23809523809523808
DOGE,3,long_short,0.05584474354982376,10,0.5155423014214601,0.6603019383612846,0.95849638951979,0.7614573760191327,0.0019996003991460637,0.07410121706723805,0.23809523809523808
DOGE,3,long_short,0.05584474354982376,25,0.4232281506837088,0.5450000204363239,0.958866114745238,0.6252145045190441,0.001642457542003206,0.07414229707825858,0.23809523809523808
ETH,3,long_only,0.0003196597099304199,0,-0.0010600694250920875,-0.0007486808136500093,0.5763522225500174,-0.0009721870863804533,-1.5351292821117044e-06,0.02766668206715936,0.14857142857142858
ETH,3,long_only,0.0003196597099304199,5,-0.05233082619072798,-0.03703526117632499,0.5836512509400845,-0.0474163429918701,-7.582084356782605e-05,0.027680724495017586,0.14857142857142858
ETH,3,long_only,0.0003196597099304199,10,-0.10354533927710526,-0.07343234446168367,0.5908281716560861,-0.09273236491563483,-0.0001501065578535404,0.02769590385267482,0.14857142857142858
ETH,3,long_only,0.0003196597099304199,25,-0.25678963537503097,-0.18325295641087283,0.6116459494814519,-0.22256625891921328,-0.00037296370071068335,0.027748244147364338,0.14857142857142858
ETH,3,long_only,0.03233230113983154,0,-0.0167560924634127,-0.010138862923840886,0.40998917582060734,-0.01351035578756325,-1.5175615436711616e-05,0.017302943776531726,0.1219047619047619
ETH,3,long_only,0.03233230113983154,5,-0.08403605978043918,-0.051024980842766285,0.4185476461635269,-0.06638842420128227,-7.612799638909262e-05,0.017307133777585932,0.1219047619047619
ETH,3,long_only,0.03233230113983154,10,-0.15126993404232691,-0.0921699303284466,0.4269861937379249,-0.11718022377142882,-0.00013708037734147364,0.017312871512067878,0.1219047619047619
ETH,3,long_only,0.03233230113983154,25,-0.3525158926742996,-0.21711075393030385,0.451598406013192,-0.25858637523363,-0.0003199375201986165,0.017339353679067263,0.1219047619047619
ETH,3,long_only,0.0504393458366394,0,0.08722823087255151,0.04894268501029466,0.2910012414239238,0.08693997208212431,6.931408165848326e-05,0.015181365681381358,0.09523809523809523
ETH,3,long_only,0.0504393458366394,5,0.027308474564491775,0.015373935994479889,0.2970040944009328,0.02666187966310562,2.1695034039435595e-05,0.015177817506358953,0.09523809523809523
ETH,3,long_only,0.0504393458366394,10,-0.03263624642382424,-0.0184357609009904,0.3048462083520119,-0.031039470714364577,-2.592401357961204e-05,0.015175690781057032,0.09523809523809523
ETH,3,long_only,0.0504393458366394,25,-0.21245175655064374,-0.12126435316581605,0.33058584932637636,-0.1863513584285591,-0.0001687811564367549,0.015177843281853023,0.09523809523809523
ETH,3,long_only,0.07320793271064754,0,-0.1116722664268114,-0.052895534113523324,0.3051596348848319,-0.0908821194871963,-7.598234082291333e-05,0.012999114547392498,0.0761904761904762
ETH,3,long_only,0.07320793271064754,5,-0.16756924722202624,-0.07967823662434677,0.31176726662419507,-0.13355576663275123,-0.00011407757891815145,0.013006259328674864,0.0761904761904762
ETH,3,long_only,0.07320793271064754,10,-0.22338166301585596,-0.10663154691424434,0.3183153422446314,-0.1744907355644416,-0.0001521728170133896,0.013014754870482252,0.0761904761904762
ETH,3,long_only,0.07320793271064754,25,-0.3901409558601125,-0.18847657695083586,0.33760728414716734,-0.28807839312344075,-0.00026645853129910385,0.013048317577897685,0.0761904761904762
ETH,3,long_short,0.0003196597099304199,0,-0.8957472619395705,-1.1567340561177393,0.9870686685029363,-1.1532685656320127,-0.0031187815548105076,0.06651902882962715,0.29904761904761906
ETH,3,long_short,0.0003196597099304199,5,-0.9387459792920054,-1.2121895813883588,0.9870686685029363,-1.2085597446731933,-0.003268305364334318,0.06651521038521531,0.29904761904761906
ETH,3,long_short,0.0003196597099304199,10,-0.9817216804331884,-1.2674318299391802,0.9870686685029363,-1.2638509237143736,-0.0034178291738581274,0.06651328577355528,0.29904761904761906
ETH,3,long_short,0.0003196597099304199,25,-1.110473965999981,-1.4337492717467455,0.9872049879882048,-1.429527035475453,-0.003866400602429556,0.06651887577015342,0.29904761904761906
ETH,3,long_short,0.03233230113983154,0,-0.966841681524374,-1.1710324297164771,0.9870912362847647,-1.1665575739622258,-0.003154791117481906,0.06233926486783494,0.2876190476190476
ETH,3,long_short,0.03233230113983154,5,-1.0108298731031315,-1.2260562935460257,0.9871046867823057,-1.219717878146067,-0.0032986006412914293,0.06234449380777444,0.2876190476190476
ETH,3,long_short,0.03233230113983154,10,-1.0547887432854492,-1.2806252051618439,0.9871181302689807,-1.2728767426429457,-0.0034424101651009532,0.06235101983940524,0.2876190476190476
ETH,3,long_short,0.03233230113983154,25,-1.1864621985711163,-1.4477595793681752,0.9871584186638095,-1.4323447099258186,-0.0038738387365295245,0.062378376008815385,0.2876190476190476
ETH,3,long_short,0.0504393458366394,0,-0.8255988259702693,-0.9779227361604864,0.9868508932429182,-0.9652982589133079,-0.0026098779426175257,0.06039452396642428,0.26857142857142857
ETH,3,long_short,0.0504393458366394,5,-0.8680083994119592,-1.0295944020578192,0.9868912906673337,-1.0149240795218437,-0.0027441636569032406,0.060399384483307964,0.26857142857142857
ETH,3,long_short,0.0504393458366394,10,-0.9103957815811151,-1.0813727046859227,0.986931584637516,-1.0645459491184333,-0.0028784493711889545,0.0604052645371736,0.26857142857142857
ETH,3,long_short,0.0504393458366394,25,-1.0374034576423539,-1.238987231265138,0.9870518479411076,-1.2133880100866514,-0.003281306514046098,0.06042901868645791,0.26857142857142857
ETH,3,long_short,0.07320793271064754,0,-0.9581715222341055,-1.1047683491436586,0.9871367666314508,-1.1007171971076928,-0.002976872369670197,0.05935583081515657,0.24571428571428572
ETH,3,long_short,0.07320793271064754,5,-0.9976287939049304,-1.1520816522168245,0.9871761261344837,-1.1460986972016798,-0.0030997295125273394,0.059361006364276256,0.24571428571428572
ETH,3,long_short,0.07320793271064754,10,-1.0370641295446177,-1.200416797518887,0.9872153852545221,-1.1914766997992923,-0.0032225866553844827,0.05936704380061606,0.24571428571428572
ETH,3,long_short,0.07320793271064754,25,-1.1552214826405922,-1.34560144638335,0.9873325623636825,-1.3275898624315392,-0.0035911580839559118,0.05939032461683396,0.24571428571428572
LTC,3,long_only,0.0003365762531757355,0,1.3187986094624369,0.7917867243474253,0.3258294436720143,1.2570562639008607,0.0011221532688561512,0.016256241054608208,0.10285714285714286
LTC,3,long_only,0.0003365762531757355,5,1.2576474856457438,0.7576697288889055,0.32728836466225664,1.1940984060437694,0.0010707246974275798,0.01626542163356167,0.10285714285714286
LTC,3,long_only,0.0003365762531757355,10,1.1964613283760825,0.7233150797438788,0.32874491865383537,1.1317074877140945,0.0010192961259990084,0.01627601718591348,0.10285714285714286
LTC,3,long_only,0.0003365762531757355,25,1.012854439599188,0.6188612599296106,0.33310040422207676,0.9478487455209127,0.0008650104117132938,0.016316264276838834,0.10285714285714286
LTC,3,long_only,0.03431243449449539,0,-0.044763252596419806,-0.0151707253777778,0.2038762078312395,-0.041500339968417684,-2.3180635442492382e-05,0.009893503991895584,0.05714285714285714
LTC,3,long_only,0.03431243449449539,5,-0.0999470460984661,-0.03396532254137509,0.21220730183010272,-0.08901438924149482,-5.1752064013920977e-05,0.009892456387747202,0.05714285714285714
LTC,3,long_only,0.03431243449449539,10,-0.1551211360036375,-0.05286385666515599,0.22045533107920579,-0.13298873132256495,-8.032349258534957e-05,0.009892772903220517,0.05714285714285714
LTC,3,long_only,0.03431243449449539,25,-0.3203573380920583,-0.11016179570163799,0.24470886619077292,-0.24765669516801667,-0.0001660377782996353,0.009901903040358349,0.05714285714285714
LTC,3,long_only,0.05576087236404419,0,-0.15966394186152705,-0.03363366228204034,0.16124640367041254,-0.12818049574087206,-5.6626421805573796e-05,0.0067757707644749855,0.030476190476190476
LTC,3,long_only,0.05576087236404419,5,-0.20274134981774472,-0.042839464660837843,0.1637607768447481,-0.16017601544261514,-7.186451704366904e-05,0.0067720258908814945,0.030476190476190476
LTC,3,long_only,0.05576087236404419,10,-0.2458267900157826,-0.05211073543959482,0.16626886566090593,-0.19121110471452488,-8.710261228176429e-05,0.006769372332132897,0.030476190476190476
LTC,3,long_only,0.05576087236404419,25,-0.374922372556363,-0.08031531156418056,0.17375555158451816,-0.2790021229606497,-0.00013281689799605,0.006767969741747372,0.030476190476190476
LTC,3,long_only,0.07803683578968047,0,1.0769620206944484,0.5161218638709811,0.024989550469745492,2.1595993107639377,0.0001478559341723907,0.0026229185437403324,0.01904761904761905
LTC,3,long_only,0.07803683578968047,5,1.0132352472132673,0.4999682086114759,0.025477299569060308,1.9818122936414724,0.00013833212464858113,0.002608309903197782,0.01904761904761905
LTC,3,long_only,0.07803683578968047,10,0.9481612703485534,0.4824539532233598,0.025965048668375124,1.810704675319721,0.0001288083151247716,0.002595422826397468,0.01904761904761905
LTC,3,long_only,0.07803683578968047,25,0.7459192422467917,0.4201109530563804,0.02742829596631935,1.3338948812409919,0.00010023688655334306,0.002567332922243871,0.01904761904761905
LTC,3,long_short,0.0003365762531757355,0,-0.3994199071055228,-0.5342443796881814,0.9656840541928313,-0.5213306498085611,-0.0013792895766647556,0.06597390338570551,0.20761904761904762
LTC,3,long_short,0.0003365762531757355,5,-0.429310376189958,-0.5745539874947763,0.9673321420117583,-0.5596125138018748,-0.001483099100474279,0.0660001949656653,0.20761904761904762
LTC,3,long_short,0.0003365762531757355,10,-0.45916734633228146,-0.6148482231369635,0.9689026516935271,-0.5978120163574528,-0.001586908624283803,0.0660278805518406,0.20761904761904762
LTC,3,long_short,0.0003365762531757355,25,-0.5485189696124972,-0.736270392493057,0.973183686100505,-0.7119859142015524,-0.0018983371957123742,0.06611928339578592,0.20761904761904762
LTC,3,long_short,0.03431243449449539,0,-0.6806162737879794,-0.828293224431842,0.9671478552714893,-0.8333948824096689,-0.002208263214020766,0.061986189708208676,0.22666666666666666
LTC,3,long_short,0.03431243449449539,5,-0.7154591288244273,-0.8720825039456523,0.9686414322268528,-0.8748157074339531,-0.0023215965473541004,0.06199381344322777,0.22666666666666666
LTC,3,long_short,0.03431243449449539,10,-0.7502835537486391,-0.915429352999114,0.9700679059994759,-0.9161723637628285,-0.0024349298806874337,0.06200225210755557,0.22666666666666666
LTC,3,long_short,0.03431243449449539,25,-0.8546326535547238,-1.0457615136653977,0.9739738495539196,-1.0399143744092914,-0.002774929880687434,0.06203245419000526,0.22666666666666666
LTC,3,long_short,0.05576087236404419,0,-0.6393894303201514,-0.7380998757097625,0.9666268204831754,-0.7687208846552167,-0.002035797875545355,0.06082969463691499,0.20761904761904762
LTC,3,long_short,0.05576087236404419,5,-0.6719271764264576,-0.7774074514153478,0.9679311527785304,-0.8068308355629635,-0.0021396073993548794,0.060835672974942294,0.20761904761904762
LTC,3,long_short,0.05576087236404419,10,-0.704450330014354,-0.8162360928357649,0.9691851469754771,-0.8448820945198423,-0.0022434169231644032,0.06084235936803876,0.20761904761904762
LTC,3,long_short,0.05576087236404419,25,-0.8019209710771361,-0.9332492492367026,0.972663923117292,-0.9587264247828244,-0.0025548454945929755,0.06086666442073054,0.20761904761904762
LTC,3,long_short,0.07803683578968047,0,-0.5790026578076406,-0.6378820891052673,0.9468816453369661,-0.6586912187356868,-0.0017087743149756635,0.056383311903940615,0.21523809523809523
LTC,3,long_short,0.07803683578968047,5,-0.615559719335688,-0.6793384995087348,0.9487927343035958,-0.6987654451559374,-0.001816393362594712,0.056374946859135876,0.21523809523809523
LTC,3,long_short,0.07803683578968047,10,-0.6521189619620487,-0.7209381738049483,0.9506359757046549,-0.7387312785072465,-0.0019240124102137591,0.056367331158986296,0.21523809523809523
LTC,3,long_short,0.07803683578968047,25,-0.761795160095892,-0.8473731579298734,0.9557819708815025,-0.8580486050742822,-0.0022468695530709027,0.05634898301526536,0.21523809523809523
XRP,3,long_only,0.0008142292499542236,0,-0.5254456867042466,-0.22353505750100708,0.4511287742645349,-0.3107779907945094,-0.00038411203850913076,0.013966144126597394,0.09142857142857143
XRP,3,long_only,0.0008142292499542236,5,-0.5879286483476327,-0.2510323014769902,0.45785677451702866,-0.34265433444049526,-0.0004298263242234165,0.01396737583122036,0.09142857142857143
XRP,3,long_only,0.0008142292499542236,10,-0.6503312511142069,-0.2787171308730108,0.4646210396230548,-0.37357826664006927,-0.0004755406099377023,0.013970096900694246,0.09142857142857143
XRP,3,long_only,0.0008142292499542236,25,-0.8368589542587489,-0.3628868623148471,0.48443118483951386,-0.46163309151541987,-0.0006126834670805595,0.013987185227158286,0.09142857142857143
XRP,3,long_only,0.03466734290122986,0,-0.47196146695707397,-0.13646462698964845,0.1938718640124346,-0.3063909766133843,-0.00016274134178885882,0.0065877602017795096,0.0380952380952381
XRP,3,long_only,0.03466734290122986,5,-0.5259692436016414,-0.153170368908878,0.1987376557292706,-0.33387216157651356,-0.00018178896083647787,0.006603186901007064,0.0380952380952381
XRP,3,long_only,0.03466734290122986,10,-0.5796069755019252,-0.17002774631062384,0.20357651220457773,-0.3600874720933887,-0.00020083657988409693,0.006619964273636044,0.0380952380952381
XRP,3,long_only,0.03466734290122986,25,-0.7380162995489883,-0.22149959287281834,0.21793282324262053,-0.4320711910824779,-0.0002579794370269541,0.006678294539372076,0.0380952380952381
XRP,3,long_only,0.05303285121917724,0,-0.4763786207337414,-0.10521960563630829,0.15152122470907403,-0.36097138822021674,-0.00014984884062581598,0.006009627542702614,0.022857142857142857
XRP,3,long_only,0.05303285121917724,5,-0.5126141469411596,-0.11399154595417794,0.15491089826600735,-0.38000073628382436,-0.00016127741205438742,0.006010760040143445,0.022857142857142857
XRP,3,long_only,0.05303285121917724,10,-0.5487511095668145,-0.122876897967686,0.15828871687005552,-0.39824496159528205,-0.00017270598348295886,0.0060128227960775825,0.022857142857142857
XRP,3,long_only,0.05303285121917724,25,-0.656405963335373,-0.15022865358477883,0.16835139807987576,-0.4487754218071336,-0.00020699169776867312,0.006024580904891448,0.022857142857142857
XRP,3,long_only,0.06796882152557374,0,-1.2045210036135081,-0.20447645040970597,0.18225639926211923,-0.6564210645569359,-0.00032777243733317997,0.005198816461161264,0.015238095238095238
XRP,3,long_only,0.06796882152557374,5,-1.232374382216967,-0.21054960820552784,0.18470778973266633,-0.66276518269251,-0.0003353914849522276,0.005199430801395792,0.015238095238095238
XRP,3,long_only,0.06796882152557374,10,-1.2600460625318004,-0.21669426450142518,0.18715305326235,-0.6689650112859421,-0.0003430105325712752,0.005200767826640003,0.015238095238095238
XRP,3,long_only,0.06796882152557374,25,-1.3418597192898196,-0.23556491264122326,0.19445220468364832,-0.6867584851914795,-0.0003658676754284181,0.0052091079437497426,0.015238095238095238
XRP,3,long_short,0.0008142292499542236,0,-2.917935202053694,-2.8904385614638226,0.9999887356087687,-4.932260301196537,-0.013512889704908992,0.08847468413219867,0.19238095238095237
XRP,3,long_short,0.0008142292499542236,5,-2.9389230502613053,-2.9121329033243173,0.9999890631367523,-4.967368593527348,-0.01360908018109947,0.08846815902990428,0.19238095238095237
XRP,3,long_short,0.0008142292499542236,10,-2.95988196733116,-2.9338119270149505,0.99998938145609,-5.002476908926544,-0.013705270657289947,0.08846259112504598,0.19238095238095237
XRP,3,long_short,0.0008142292499542236,25,-3.0225782256742604,-3.00608965159869,0.9999902836301346,-5.107801990627633,-0.013993842085861373,0.08845163224733664,0.19238095238095237
XRP,3,long_short,0.03466734290122986,0,-2.4685545580373085,-2.2710950134824004,0.9999545317000134,-4.026235051266372,-0.01103027941152677,0.08536703860821745,0.1580952380952381
XRP,3,long_short,0.03466734290122986,5,-2.486505435161085,-2.2914424491529157,0.9999556199892681,-4.055084330841718,-0.011109327030574387,0.08535810616078963,0.1580952380952381
XRP,3,long_short,0.03466734290122986,10,-2.5044466667270795,-2.3094162840395946,0.9999566828096439,-4.083933651639338,-0.011188374649622006,0.0853496304733058,0.1580952380952381
XRP,3,long_short,0.03466734290122986,25,-2.5582095399626184,-2.363405946888254,0.999959724217868,-4.1704818593837585,-0.011425517506764864,0.08532694529496723,0.1580952380952381
XRP,3,long_short,0.05303285121917724,0,-2.463959041767386,-2.211029498705845,0.9999459035454347,-3.9628034228517617,-0.010856408354083311,0.08417809990275034,0.15428571428571428
XRP,3,long_short,0.05303285121917724,5,-2.481776496242379,-2.2286475987340784,0.9999469295499342,-3.990957994030497,-0.010933551211226166,0.08416761255767956,0.15428571428571428
XRP,3,long_short,0.05303285121917724,10,-2.499585885332874,-2.2462828404316855,0.9999479365983392,-4.019112583623436,-0.011010694068369025,0.08415754627241956,0.15428571428571428
XRP,3,long_short,0.05303285121917724,25,-2.552962913636842,-2.299288425175165,0.999950847386453,-4.103576465030165,-0.011242122639797595,0.08412987525531004,0.15428571428571428
XRP,3,long_short,0.06796882152557374,0,-2.761088590015549,-2.4228270633233433,0.9999595483211969,-4.392716844542036,-0.012034353840480986,0.08327005809374972,0.13142857142857142
XRP,3,long_short,0.06796882152557374,5,-2.7763730289047057,-2.4378679710009648,0.9999602584219824,-4.416700392700094,-0.012100068126195272,0.0832638390272517,0.13142857142857142
XRP,3,long_short,0.06796882152557374,10,-2.7916478671856195,-2.4529190283259594,0.999960956407826,-4.440683960596078,-0.012165782411909557,0.08325797438714383,0.13142857142857142
XRP,3,long_short,0.06796882152557374,25,-2.8374127834544463,-2.498130789706921,0.9999629796667056,-4.512634782443301,-0.012362925269052414,0.08324250775163193,0.13142857142857142
BTC,7,long_only,0.0008274316787719727,0,1.674748072921694,13220871486.90798,0.001998500499937328,126.38697055596536,0.0006920121204604057,0.007894245833115194,0.019193857965451054
BTC,7,long_only,0.0008274316787719727,5,1.6511563068707116,13037520947.096878,0.003994003998999962,62.363869662963694,0.0006824151914776803,0.007895996200468302,0.019193857965451054
BTC,7,long_only,0.0008274316787719727,10,1.627452049616264,0.0,0.0059865134949372845,41.02198482928655,0.0006728182624949547,0.0078983432155264,0.019193857965451054
BTC,7,long_only,0.0008274316787719727,25,1.5557204113932364,0.0,0.01194610791899997,19.67754101576663,0.0006440274755467781,0.007908958160043002,0.019193857965451054
BTC,7,long_only,0.03959465026855469,0,1.1588953939081723,0.0,0.001998500499937328,33.89488261079564,0.00018558613664900551,0.0030594807604941905,0.007677543186180422
BTC,7,long_only,0.03959465026855469,5,1.1344889764266028,0.0,0.003994003998999962,16.609344468711026,0.0001817473650559153,0.003060654272498569,0.007677543186180422
BTC,7,long_only,0.03959465026855469,10,1.1098755295890497,0.0,0.0059865134949372845,10.847154467788314,0.00017790859346282508,0.0030624505306253154,0.007677543186180422
BTC,7,long_only,0.03959465026855469,25,1.034951931185392,0.0,0.01194610791899997,5.083930442133283,0.00016639227868355444,0.003071562962372947,0.007677543186180422
BTC,7,long_only,0.06220462322235107,0,1.1588953939081723,0.0,0.001998500499937328,33.89488261079564,0.00018558613664900551,0.0030594807604941905,0.007677543186180422
BTC,7,long_only,0.06220462322235107,5,1.1344889764266028,0.0,0.003994003998999962,16.609344468711026,0.0001817473650559153,0.003060654272498569,0.007677543186180422
BTC,7,long_only,0.06220462322235107,10,1.1098755295890497,0.0,0.0059865134949372845,10.847154467788314,0.00017790859346282508,0.0030624505306253154,0.007677543186180422
BTC,7,long_only,0.06220462322235107,25,1.034951931185392,0.0,0.01194610791899997,5.083930442133283,0.00016639227868355444,0.003071562962372947,0.007677543186180422
BTC,7,long_only,0.08318487405776978,0,1.1588953939081723,0.0,0.001998500499937328,33.89488261079564,0.00018558613664900551,0.0030594807604941905,0.007677543186180422
BTC,7,long_only,0.08318487405776978,5,1.1344889764266028,0.0,0.003994003998999962,16.609344468711026,0.0001817473650559153,0.003060654272498569,0.007677543186180422
BTC,7,long_only,0.08318487405776978,10,1.1098755295890497,0.0,0.0059865134949372845,10.847154467788314,0.00017790859346282508,0.0030624505306253154,0.007677543186180422
BTC,7,long_only,0.08318487405776978,25,1.034951931185392,0.0,0.01194610791899997,5.083930442133283,0.00016639227868355444,0.003071562962372947,0.007677543186180422
BTC,7,long_short,0.0008274316787719727,0,-2.2664031020380695,-3.121690092804351,0.9980368107001434,-2.5915689022857835,-0.007086249758765935,0.05973456858814037,0.04030710172744722
BTC,7,long_short,0.0008274316787719727,5,-2.2719523932220147,-3.1288245481064387,0.9980452839312941,-2.5989173535243992,-0.007106403309629659,0.05975813797891392,0.04030710172744722
BTC,7,long_short,0.0008274316787719727,10,-2.277485360637819,-3.135892233506589,0.9980537297228619,-2.606265751644226,-0.007126556860493381,0.059782020994493854,0.04030710172744722
BTC,7,long_short,0.0008274316787719727,25,-2.2939857933368404,-3.156692923341336,0.9980789030523864,-2.628310631805375,-0.007187017513084553,0.059855548011231274,0.04030710172744722
BTC,7,long_short,0.03959465026855469,0,-2.135533543908894,-2.890085738473096,0.9978508728650133,-2.3883799618441195,-0.006529443916881781,0.05841390374334219,0.044145873320537425
BTC,7,long_short,0.03959465026855469,5,-2.1421143685574395,-2.8990776025646197,0.9978622961900908,-2.3964265016030954,-0.006551516853542048,0.05843131234007569,0.044145873320537425
BTC,7,long_short,0.03959465026855469,10,-2.1486842111321907,-2.9080339953125938,0.9978736659407543,-2.4044729862265912,-0.006573589790202317,0.05844891303684858,0.044145873320537425
BTC,7,long_short,0.03959465026855469,25,-2.168327364044617,-2.9346880871182472,0.9979074559273748,-2.4286121169544503,-0.006639808600183123,0.05850286598413218,0.044145873320537425
BTC,7,long_short,0.06220462322235107,0,-2.135533543908894,-2.890085738473096,0.9978508728650133,-2.3883799618441195,-0.006529443916881781,0.05841390374334219,0.044145873320537425
BTC,7,long_short,0.06220462322235107,5,-2.1421143685574395,-2.8990776025646197,0.9978622961900908,-2.3964265016030954,-0.006551516853542048,0.05843131234007569,0.044145873320537425
BTC,7,long_short,0.06220462322235107,10,-2.1486842111321907,-2.9080339953125938,0.9978736659407543,-2.4044729862265912,-0.006573589790202317,0.05844891303684858,0.044145873320537425
BTC,7,long_short,0.06220462322235107,25,-2.168327364044617,-2.9346880871182472,0.9979074559273748,-2.4286121169544503,-0.006639808600183123,0.05850286598413218,0.044145873320537425
BTC,7,long_short,0.08318487405776978,0,-2.0874031982494743,-2.797910614995596,0.9973080694301925,-2.3186954704449634,-0.0063354895978858005,0.05798561529206292,0.05182341650671785
BTC,7,long_short,0.08318487405776978,5,-2.0954595415570156,-2.8089912414127847,0.9973248698523844,-2.3281395530446716,-0.006361401306139161,0.05799892524476492,0.05182341650671785
BTC,7,long_short,0.08318487405776978,10,-2.1035040048569176,-2.8200388366495175,0.9973415754736527,-2.3375835396651636,-0.006387313014392519,0.05801246088123052,0.05182341650671785
BTC,7,long_short,0.08318487405776978,25,-2.127565319352137,-2.8529801729264443,0.9973911283130554,-2.365914939287157,-0.006465048139152596,0.058054420301474896,0.05182341650671785
DOGE,7,long_only,6.298720836639404e-05,0,2.592865470557029,4.358561484297826,0.8489367335113998,6.478869371313386,0.015068904660099509,0.11103199242978973,0.18426103646833014
DOGE,7,long_only,6.298720836639404e-05,5,2.577009753675811,4.3368377628097825,0.8522435167601121,6.414272979812109,0.014976774141865342,0.11103212465952583,0.18426103646833014
DOGE,7,long_only,6.298720836639404e-05,10,2.5611462529838804,4.315011140835762,0.8554795721300676,6.350700939698193,0.014884643623631176,0.11103259597464767,0.18426103646833014
DOGE,7,long_only,6.298720836639404e-05,25,2.513510504411009,4.248916783134366,0.8649438744190634,6.164575717394418,0.014608252068928683,0.11103604437361503,0.18426103646833014
DOGE,7,long_only,0.021265357732772827,0,2.214356971762064,3.1333435970047714,0.8225272016605816,4.732721615449017,0.010665184292050848,0.09201680776737312,0.18809980806142035
DOGE,7,long_only,0.021265357732772827,5,2.1948650905742295,3.109156287659401,0.8255663403778313,4.6737177412741895,0.010571134388020136,0.09201533149929447,0.18809980806142035
DOGE,7,long_only,0.021265357732772827,10,2.1753627559375865,3.0848774104626355,0.828554948995446,4.615428151491911,0.010477084483989428,0.09201427093734989,0.18809980806142035
DOGE,7,long_only,0.021265357732772827,25,2.116795669753185,3.011496131403761,0.8383352922587536,4.438738564509266,0.010194934771897299,0.09201358360389363,0.18809980806142035
DOGE,7,long_only,0.03398242890834808,0,2.195151466310015,3.1876173250808275,0.8592189907851762,4.294529089411854,0.010109427260565285,0.08798497032442118,0.19577735124760076
DOGE,7,long_only,0.03398242890834808,5,2.17409410227592,3.162581086401405,0.8623959084886159,4.2372784327137625,0.010011538584941483,0.08797695366488717,0.19577735124760076
DOGE,7,long_only,0.03398242890834808,10,2.1530219457786455,3.1374168549031767,0.8655026987098746,4.180786752358499,0.009913649909317682,0.08796938458919097,0.19577735124760076
DOGE,7,long_only,0.03398242890834808,25,2.0897198760831444,3.061155784773363,0.8744172800143566,4.015581802124527,0.009619983882446281,0.08794936398655763,0.19577735124760076
DOGE,7,long_only,0.04676164984703064,0,1.9696583273013402,2.9774589161465217,0.7971726450053682,4.012102177624979,0.008762570150611272,0.08499376026037846,0.18426103646833014
DOGE,7,long_only,0.04676164984703064,5,1.9491538232941596,2.951488447067515,0.8033299570060837,3.9394901661680937,0.008670439632377106,0.08498483526874988,0.18426103646833014
DOGE,7,long_only,0.04676164984703064,10,1.9286349776057718,2.925383802939069,0.8104377805368874,3.8634462778673444,0.008578309114142939,0.08497635239933322,0.18426103646833014
DOGE,7,long_only,0.04676164984703064,25,1.8669955249583277,2.8462662280245383,0.8302757600297003,3.6496307071324328,0.008301917559440446,0.08495355781425815,0.18426103646833014
DOGE,7,long_short,6.298720836639404e-05,0,1.4697292109178963,1.9040569805580985,1.9893035193058646,2.4049640819425093,0.01310740688223243,0.17038285352919175,0.3704414587332054
DOGE,7,long_short,6.298720836639404e-05,5,1.4489960315968597,1.8773325900035087,1.9860867990229716,2.374819644395158,0.012922186152865826,0.1703786721440708,0.3704414587332054
DOGE,7,long_short,6.298720836639404e-05,10,1.4282544193454503,1.85058632584296,1.982870078740079,2.34457740293749,0.012736965423499221,0.17037537531382027,0.3704414587332054
DOGE,7,long_short,6.298720836639404e-05,25,1.3659822085380742,1.7713574202800808,1.9732199178914,2.2532590719384964,0.012181303235399413,0.17037079259691137,0.3704414587332054
DOGE,7,long_short,0.021265357732772827,0,1.2912258451540588,1.641427275200166,15.138134203271685,0.24460003160010815,0.010144624943800484,0.15009983586000059,0.3550863723608445
DOGE,7,long_short,0.021265357732772827,5,1.2686527714191704,1.6132576607742182,15.193196274420826,0.2394482882878287,0.009967081757620061,0.15009688537039528,0.3550863723608445
DOGE,7,long_short,0.021265357732772827,10,1.246072819258255,1.5850542964191308,15.247850115172593,0.2343400250911234,0.009789538571439639,0.1500946565134068,0.3550863723608445
DOGE,7,long_short,0.021265357732772827,25,1.1782949449138427,1.5013383780296703,15.40937084656145,0.21926734214860233,0.009256909012898374,0.1500923000075844,0.3550863723608445
DOGE,7,long_short,0.03398242890834808,0,1.4559628738132129,1.8611838878116176,46.872579373810176,0.08472333962916151,0.01088000400433489,0.14276612980925996,0.32437619961612285
DOGE,7,long_short,0.03398242890834808,5,1.4343427867732994,1.8347179175721235,47.103026930173485,0.08305204697251077,0.010717815904526825,0.14275777536057152,0.32437619961612285
DOGE,7,long_short,0.03398242890834808,10,1.4127145017351666,1.8082009909734291,47.33271815276287,0.08139832866322247,0.010555627804718767,0.14274999357655238,0.32437619961612285
DOGE,7,long_short,0.03398242890834808,25,1.3477830410138467,1.7283493289975314,48.0172647627035,0.07653930721782998,0.01006906350529458,0.142730085114713,0.32437619961612285
DOGE,7,long_short,0.04676164984703064,0,1.6365164598097033,2.3716744431147774,0.9990134895699705,4.117262467917357,0.011269043138503299,0.13155673783279234,0.28598848368522073
DOGE,7,long_short,0.04676164984703064,5,1.615916556952607,2.3441692729209676,0.9990144390662384,4.065014166434711,0.011126048896660684,0.13154321910569555,0.28598848368522073
DOGE,7,long_short,0.04676164984703064,10,1.5953063898508197,2.316583306079807,0.9990153881055612,4.012765966104411,0.010983054654818077,0.13153019751451206,0.28598848368522073
DOGE,7,long_short,0.04676164984703064,25,1.5334165944613407,2.233344473653048,0.9990182324818586,3.8560219713077526,0.010554071929290244,0.13149411700515892,0.28598848368522073
ETH,7,long_only,0.00012570619583129883,0,0.8857367214040024,1.0487364656148885,0.9343544432166309,1.0934677396619246,0.002799140934433586,0.06037630728289565,0.08829174664107485
ETH,7,long_only,0.00012570619583129883,5,0.8716942336311913,1.0333261161818839,0.934883317717588,1.0756135854046258,0.002754995061113048,0.06038138685217019,0.08829174664107485
ETH,7,long_only,0.00012570619583129883,10,0.8576493721713614,1.017862004634614,0.9354081963182228,1.0577841389863099,0.0027108491877925103,0.060386799888896114,0.08829174664107485
ETH,7,long_only,0.00012570619583129883,25,0.8155028909697789,0.9711539179329962,0.9369591376707916,1.0044410523566971,0.0025784115678308983,0.060405038879684556,0.08829174664107485
ETH,7,long_only,0.028547048568725586,0,0.7502699643407177,0.8693976119766188,0.9244756329832772,0.9140898706966764,0.0023152159227858246,0.05895496314611931,0.08829174664107485
ETH,7,long_only,0.028547048568725586,5,0.7359495166302952,0.8537667499580129,0.9251593090069818,0.8959976514138692,0.0022710700494652874,0.05895612591808022,0.08829174664107485
ETH,7,long_only,0.028547048568725586,10,0.7216254481920935,0.8380850189394089,0.925837137812271,0.8779376967018686,0.0022269241761447493,0.05895763065570168,0.08829174664107485
ETH,7,long_only,0.028547048568725586,25,0.6786340174617711,0.7907415567896842,0.9278360099877362,0.8239468880024671,0.0020944865561831373,0.058964196370976746,0.08829174664107485
ETH,7,long_only,0.05194541215896606,0,0.27254880400369363,0.293093718758728,0.9319188491238543,0.30771524233726755,0.0007856592725948548,0.055072702967280465,0.11516314779270634
ETH,7,long_only,0.05194541215896606,5,0.25252258524809307,0.2720295039159761,0.9326103095174948,0.28495112836803027,0.0007280776986985016,0.055083805231517395,0.11516314779270634
ETH,7,long_only,0.05194541215896606,10,0.2325024919327949,0.25089533651707835,0.9332950956633574,0.2622226203584351,0.0006704961248021484,0.05509536853243763,0.11516314779270634
ETH,7,long_only,0.05194541215896606,25,0.17248395622168783,0.18708298282360197,0.9353100165383614,0.19424496575850753,0.0004977514031130886,0.055132821696597896,0.11516314779270634
ETH,7,long_only,0.07365237474441529,0,0.4124337961574182,0.43070878783301075,0.9184812213936585,0.46801198242059033,0.0011776992253178062,0.05455399706957162,0.13051823416506717
ETH,7,long_only,0.07365237474441529,5,0.38950992148850866,0.4074903142971112,0.9194711238565987,0.44160238312036343,0.0011124401082352724,0.05456379222514328,0.13051823416506717
ETH,7,long_only,0.07365237474441529,10,0.36659078881394164,0.38418994300138515,0.9204495020276697,0.41525478684961514,0.0010471809911527389,0.05457410648321443,0.13051823416506717
ETH,7,long_only,0.07365237474441529,25,0.2978683670265443,0.3138075643938474,0.9233167677872087,0.336571737248747,0.0008514036399051379,0.05460816085700149,0.13051823416506717
ETH,7,long_short,0.00012570619583129883,0,-0.14537500141712698,-0.19735502029172186,0.9999551299187787,-0.29222232432970674,-0.0008005731843577304,0.10521017411639687,0.1785028790786948
ETH,7,long_short,0.00012570619583129883,5,-0.16158860492208513,-0.21946049793346892,0.9999551299187787,-0.32480056154968606,-0.0008898246238970778,0.10520590593400334,0.1785028790786948
ETH,7,long_short,0.00012570619583129883,10,-0.1778022236675972,-0.24158296821629838,0.9999551299187787,-0.35737879876966555,-0.0009790760634364255,0.10520240715651365,0.1785028790786948
ETH,7,long_short,0.00012570619583129883,25,-0.2264396123078335,-0.30804184582515165,0.9999551299187787,-0.4551135104296035,-0.0012468303820544677,0.1051965279367556,0.1785028790786948
ETH,7,long_short,0.028547048568725586,0,-0.2961544571337604,-0.3948170376044298,0.9999551299187787,-0.5883882982932306,-0.0016119504034605063,0.10398718801858482,0.16314779270633398
ETH,7,long_short,0.028547048568725586,5,-0.3111597659062723,-0.41504197164956197,0.9999551299187787,-0.6181641065050396,-0.0016935242998136733,0.10398110508866802,0.16314779270633398
ETH,7,long_short,0.028547048568725586,10,-0.3261649874858851,-0.43528508558099277,0.9999551299187787,-0.6479399147168489,-0.0017750981961668407,0.1039756096478266,0.16314779270633398
ETH,7,long_short,0.028547048568725586,25,-0.3711775819768715,-0.4961157098455038,0.9999551299187787,-0.7372673393522761,-0.002019819885226342,0.10396264914159253,0.16314779270633398
ETH,7,long_short,0.05194541215896606,0,-0.5801637671120276,-0.7465623089091378,0.9999551299187787,-1.1191720336543955,-0.003066087167987572,0.10096720342640975,0.20153550863723607
ETH,7,long_short,0.05194541215896606,5,-0.5992346996093995,-0.7717167175526657,0.9999551299187787,-1.1559539143866302,-0.003166854922306191,0.10096658016828292,0.20153550863723607
ETH,7,long_short,0.05194541215896606,10,-0.6183020814919664,-0.7969009300084126,0.9999551299187787,-1.192735795118865,-0.0032676226766248087,0.10096657515722358,0.20153550863723607
ETH,7,long_short,0.05194541215896606,25,-0.6754794219495143,-0.8726227611175756,0.9999551299187787,-1.3030814373155695,-0.003569925939580663,0.10097026955058763,0.20153550863723607
ETH,7,long_short,0.07365237474441529,0,-0.43563937252737345,-0.5552885740141751,0.9999551299187787,-0.8285918344917825,-0.0022700127548210907,0.0995514536133123,0.19769673704414586
ETH,7,long_short,0.07365237474441529,5,-0.45460753377702384,-0.5799347888470132,0.9999551299187787,-0.8646731079719745,-0.0023688611233431633,0.09955186584618181,0.19769673704414586
ETH,7,long_short,0.07365237474441529,10,-0.47357308815449944,-0.604614464825994,0.9999551299187787,-0.9007543814521669,-0.0024677094918652367,0.09955279306073145,0.19769673704414586
ETH,7,long_short,0.07365237474441529,25,-0.5304511691035818,-0.6788472582255677,0.9999551299187787,-1.0089982018927437,-0.002764254597431456,0.0995586644106192,0.19769673704414586
LTC,7,long_only,0.00037598609924316406,0,1.5177095326355372,1.3125140192945912,0.7803293505859572,1.5787092338151851,0.0033751045238044823,0.04248591710106199,0.13051823416506717
LTC,7,long_only,0.00037598609924316406,5,1.488478149777824,1.2908676664416647,0.7828593416430187,1.5431808872798183,0.0033098454067219487,0.042482657683121976,0.13051823416506717
LTC,7,long_only,0.00037598609924316406,10,1.4592193035357446,1.2690730258681873,0.7853614476459699,1.5079349760121317,0.003244586289639415,0.0424800671663214,0.13051823416506717
LTC,7,long_only,0.00037598609924316406,25,1.3712917355446361,1.2059930699213048,0.7927033757968789,1.4038230395990574,0.003048808938391814,0.042476310088587016,0.13051823416506717
LTC,7,long_only,0.03355182707309723,0,2.281124522257064,2.194067973101019,0.42200512914390664,3.3148237176037987,0.0038325277014794263,0.032098352462024936,0.10748560460652591
LTC,7,long_only,0.03355182707309723,5,2.2497162694235318,2.1725263613032966,0.4254924816644976,3.241553135793377,0.0037787848991761635,0.03209008402974177,0.10748560460652591
LTC,7,long_only,0.03355182707309723,10,2.218240186690287,2.150734179034065,0.4289605377452651,3.169616423231106,0.0037250420968729003,0.03208256245630698,0.10748560460652591
LTC,7,long_only,0.03355182707309723,25,2.123426192979516,2.0838340657992434,0.43924989625081456,2.961393976268155,0.0035638136899631113,0.0320644838840165,0.10748560460652591
LTC,7,long_only,0.049625921249389644,0,2.1834664438468505,1.6293767067756932,0.23991511790919418,3.590152373191181,0.0023598132326841798,0.02064797864525421,0.08829174664107485
LTC,7,long_only,0.049625921249389644,5,2.1453380228663175,1.608777069426606,0.2429516577742774,3.478957887784944,0.002315667359363643,0.020621814515063112,0.08829174664107485
LTC,7,long_only,0.049625921249389644,10,2.1070159762287672,1.5878796705105682,0.24597757772672635,3.3706541468729876,0.0022715214860431054,0.020596596107362537,0.08829174664107485
LTC,7,long_only,0.049625921249389644,25,1.9909308644092891,1.523353831862674,0.25499193622763394,3.061922752018658,0.002139083866081493,0.020526649422213168,0.08829174664107485
LTC,7,long_only,0.06359649896621704,0,2.351182844285225,1.5021172484867729,0.20666529237691944,4.140502330501297,0.00234437842390276,0.019049682591106273,0.061420345489443376
LTC,7,long_only,0.06359649896621704,5,2.3226344344099576,1.4898720739942874,0.20904351110032715,4.039775773108523,0.002313668251158038,0.019031221278725363,0.061420345489443376
LTC,7,long_only,0.06359649896621704,10,2.2939411157661906,1.4774640767705405,0.21141578576641107,3.9414261125117336,0.0022829580784133165,0.019013501499505703,0.061420345489443376
LTC,7,long_only,0.06359649896621704,25,2.2070191047434506,1.4392425801709856,0.21849706424231385,3.6597839986303615,0.002190827560179151,0.018964811711464604,0.061420345489443376
LTC,7,long_short,0.00037598609924316406,0,0.04497739246317687,0.05623120561101293,0.9907352334409701,0.0857098352785952,0.00023264590044660773,0.09882061728664467,0.255278310940499
LTC,7,long_short,0.00037598609924316406,5,0.020300891194237735,0.025396007000664578,0.9908531130111773,0.03868127516888557,0.00010500674497635864,0.09882083632212756,0.255278310940499
LTC,7,long_short,0.00037598609924316406,10,-0.004375452638556267,-0.005476930229264894,0.9909696072851835,-0.008336108160666152,-2.263241049389174e-05,0.09882214049043848,0.255278310940499
LTC,7,long_short,0.00037598609924316406,25,-0.07839541209403851,-0.09830731032427562,0.9913109269199408,-0.14932318513825776,-0.0004055498769046399,0.09883256318405235,0.255278310940499
LTC,7,long_short,0.03355182707309723,0,0.8350355289188008,0.9418155332634384,0.9839353656738788,1.4254255611820994,0.0038425386870795295,0.08791434136103789,0.2667946257197697
LTC,7,long_short,0.03355182707309723,5,0.8061079097488104,0.9102809889515171,0.9840955565584592,1.375716608581569,0.003709141374219646,0.08790764312972506,0.2667946257197697
LTC,7,long_short,0.03355182707309723,10,0.7771703777278309,0.8786569854184122,0.9842542378630559,1.3260258703367436,0.003575744061359761,0.08790156744040992,0.2667946257197697
LTC,7,long_short,0.03355182707309723,25,0.6903044257956337,0.7832540452792492,0.9847213578000849,1.1770604096604491,0.003175552122780106,0.08788707684940616,0.2667946257197697
LTC,7,long_short,0.049625921249389644,0,0.6922675661741989,0.7061497062052621,0.9779545961751495,1.0998523959216289,0.002946864947142211,0.08132661201303941,0.23224568138195778
LTC,7,long_short,0.049625921249389644,5,0.665107009854829,0.6802156428640601,0.9782797633978388,1.0561609342351916,0.002830742106451232,0.0813121064818406,0.23224568138195778
LTC,7,long_short,0.049625921249389644,10,0.6379322851397716,0.6532964475792101,0.9786003106762824,1.0125032877996347,0.002714619265760253,0.08129817138733711,0.23224568138195778
LTC,7,long_short,0.049625921249389644,25,0.5563287339589437,0.572746689328511,0.9795348601651893,0.8817261708269751,0.002366250743687317,0.08125979159862706,0.23224568138195778
LTC,7,long_short,0.06359649896621704,0,0.5854682780739195,0.5546093785376818,0.9771796849794313,0.9121984802265839,0.0024421419823217575,0.07969186172407054,0.18618042226487524
LTC,7,long_short,0.06359649896621704,5,0.5632402434832301,0.5348719929100455,0.9774343220021365,0.8771984748059118,0.0023490517711893203,0.07967926935774287,0.18618042226487524
LTC,7,long_short,0.06359649896621704,10,0.5410017965729214,0.5143124103381637,0.9776862463500103,0.8422190375429854,0.0022559615600568823,0.07966717552542547,0.18618042226487524
LTC,7,long_short,0.06359649896621704,25,0.47422809979083913,0.4529337133200309,0.9786255502088697,0.737250512288399,0.001976690926659569,0.07963388745705975,0.18618042226487524
XRP,7,long_only,5.6684017181396484e-05,0,1.1205942367758832,1.2057530202301514,0.45263331651803473,1.8163816181147463,0.0022524790023876395,0.03840243819165993,0.12667946257197696
XRP,7,long_only,5.6684017181396484e-05,5,1.0890927720708607,1.1764298747544184,0.45677975293790385,1.7492803234187506,0.002189139271101651,0.038402097710299496,0.12667946257197696
XRP,7,long_only,5.6684017181396484e-05,10,1.0575708761186853,1.1468454530750423,0.4608968597205666,1.6834934230219265,0.0021257995398156625,0.03840247883019264,0.12667946257197696
XRP,7,long_only,5.6684017181396484e-05,25,0.9629003956814401,1.056514714127311,0.4730741237164521,1.4935499340406937,0.0019357803459576972,0.0384079513792217,0.12667946257197696
XRP,7,long_only,0.03775915503501892,0,0.8813180129211962,0.6421660491266004,0.3586745146129281,0.8336788227523322,0.0008192310879304211,0.017759069630159,0.07293666026871401
XRP,7,long_only,0.03775915503501892,5,0.8425182558711797,0.616781376454881,0.3616257984488088,0.7900664383468144,0.0007827627577960641,0.01774995542787263,0.07293666026871401
XRP,7,long_only,0.03775915503501892,10,0.8036356005542769,0.5910986920390474,0.364565004684712,0.7471848987023708,0.000746294427661707,0.017741791192612905,0.07293666026871401
XRP,7,long_only,0.03775915503501892,25,0.6865512779507127,0.5122535137334837,0.3733105897897765,0.6227110908632083,0.000636889437258636,0.017723010653492466,0.07293666026871401
XRP,7,long_only,0.05376551151275634,0,1.036725373038813,0.732993353485765,0.19104910661502283,1.5463761189684764,0.0008094076055377537,0.014915917939488925,0.0690978886756238
XRP,7,long_only,0.05376551151275634,5,0.9938462850752632,0.7067080204651974,0.1939027448508608,1.4585838460102882,0.0007748586611999417,0.014895315460350207,0.0690978886756238
XRP,7,long_only,0.05376551151275634,10,0.9507810075154666,0.6800112944957508,0.19674775077465245,1.3733984027232715,0.0007403097168621297,0.01487576757292715,0.0690978886756238
XRP,7,long_only,0.05376551151275634,25,0.8205507359450565,0.5973977356918101,0.20523119216123975,1.132293537626923,0.000636662883848694,0.01482349205662069,0.0690978886756238
XRP,7,long_only,0.07341310977935792,0,1.193614706622101,0.8253875844773161,0.15541739633794516,1.9589408162173045,0.0008341191266810455,0.01335089409506255,0.04990403071017274
XRP,7,long_only,0.07341310977935792,5,1.1590452152963904,0.8061627268256749,0.1613165479047589,1.8308474825937642,0.000809167111325959,0.013337802313857524,0.04990403071017274
XRP,7,long_only,0.07341310977935792,10,1.1243336746129837,0.7866419044531194,0.16717742087730103,1.7121840289529262,0.0007842150959708726,0.013325588932153895,0.04990403071017274
XRP,7,long_only,0.07341310977935792,25,1.0194101390224661,0.726259936776846,0.18453265577738676,1.403090700252493,0.0007093590499056135,0.013294242522977135,0.04990403071017274
XRP,7,long_short,5.6684017181396484e-05,0,-3.1282755848132084,-2.9784015059043303,0.9999999999999071,-9.193374214248925,-0.025187326614403458,0.153823787661032,0.255278310940499
XRP,7,long_short,5.6684017181396484e-05,5,-3.144327008855862,-2.994438952137158,0.9999999999999117,-9.239962505995479,-0.025314965769873705,0.15381407232218716,0.255278310940499
XRP,7,long_short,5.6684017181396484e-05,10,-3.1603656332086136,-3.0133105705395837,0.9999999999999162,-9.286550797742034,-0.025442604925343955,0.15380507858912681,0.255278310940499
XRP,7,long_short,5.6684017181396484e-05,25,-3.2084024043374484,-3.0673135163367897,0.9999999999999283,-9.426315672981717,-0.025825522391754705,0.15378242823992286,0.255278310940499
XRP,7,long_short,0.03775915503501892,0,-3.0173422230690115,-2.6793797471191785,0.999999999997687,-8.078055022461871,-0.02213165759575689,0.14013151091692183,0.20153550863723607
XRP,7,long_short,0.03775915503501892,5,-3.0312597399152157,-2.69273140952104,0.9999999999977954,-8.114835252787337,-0.02223242535007551,0.14012322478411793,0.20153550863723607
XRP,7,long_short,0.03775915503501892,10,-3.0451717665798337,-2.7060881613685157,0.9999999999978989,-8.151615483112833,-0.022333193104394126,0.14011526700758373,0.20153550863723607
XRP,7,long_short,0.03775915503501892,25,-3.0868739062128894,-2.7461879951779857,0.9999999999981813,-8.261956174089507,-0.022635496367349982,0.14009336436360775,0.20153550863723607
XRP,7,long_short,0.05376551151275634,0,-2.8756290376135505,-2.5630655469196206,0.9999999991851237,-7.1091183072143105,-0.0194770364422695,0.12940064725980224,0.19001919385796545
XRP,7,long_short,0.05376551151275634,5,-2.8899201411434943,-2.5770040123160256,0.9999999992202457,-7.143796809870708,-0.01957204603919848,0.12938883992792904,0.19001919385796545
XRP,7,long_short,0.05376551151275634,10,-2.904207021556944,-2.5909521049376605,0.9999999992538711,-7.178475312535414,-0.019667055636127462,0.12937733693175854,0.19001919385796545
XRP,7,long_short,0.05376551151275634,25,-2.94704128640359,-2.632853247888482,0.9999999993463845,-7.282510820576438,-0.01995208442691441,0.12934465475868587,0.19001919385796545
XRP,7,long_short,0.07341310977935792,0,-2.6316740886563297,-2.2484576840076183,0.9999999607716307,-5.938675117223682,-0.01627034214867145,0.11811662075795988,0.15163147792706333
XRP,7,long_short,0.07341310977935792,5,-2.644281542213239,-2.26030927997797,0.9999999620391048,-5.966347855468709,-0.016346157887634983,0.11810123202163902,0.15163147792706333
XRP,7,long_short,0.07341310977935792,10,-2.6568861874652,-2.2721701257621625,0.9999999632662289,-5.994020593885445,-0.016421973626598516,0.11808611414622987,0.15163147792706333
XRP,7,long_short,0.07341310977935792,25,-2.6946823715693915,-2.3078074214002844,0.9999999667179605,-6.077038810123695,-0.016649420843489113,0.11804238671683737,0.15163147792706333
